,ARDRegression,BayesianRidge,ElasticNet,HuberRegressor,Lars,Lasso,LassoLars,RANSACRegressor,DecisionTree,RandomForest20,RandomForest100,RandomForest200,XGBRegressor,XGBRegressor_n1000_r05
0,0.035109243437768334,0.030461842388349192,0.037657200953081005,0.02658571691722617,0.037599045468637335,0.03684693046820144,0.16293373478753892,0.05008659365949067,0.05027576100103947,0.01897652738323413,0.022332451514078623,0.02609403349140704,0.019442997551251544,0.02038431351459039
1,0.030252469911504792,0.044598558355572145,0.027777687662105786,0.04953561658388672,0.03387174271078428,0.05941545528002262,0.1484579699811584,0.018758554626663308,0.05285047985181902,0.02383632911290951,0.021431911485343423,0.021051261924430145,0.025193339409525534,0.018827108459860006
2,0.03406082747308193,0.016841463903697614,0.046936590176410296,0.03301163971962494,0.02337022852924621,0.03424585149706073,0.17859842214977775,0.024804441429786606,0.04189821444002257,0.026723997575229527,0.022124174629168086,0.021830141483390433,0.018332982169119445,0.017803952490006433
3,0.03377490328484908,0.03269321569300073,0.05043516025188741,0.055232952570846906,0.04078361617893278,0.06464943276357722,0.15167062211800655,0.019651133599897296,0.04550429316826098,0.02595093412459297,0.01705674140422176,0.01868794969596892,0.02174237549015913,0.014161000903541525
4,0.03135449677885587,0.0205338311264408,0.031640087915194966,0.05610441865967597,0.019871140730810026,0.03233873146579419,0.1483349374885755,0.02765183521675648,0.04989476402066453,0.019168565646652924,0.023288446074405018,0.0194444592352312,0.01623511381375674,0.0188220469123124
5,0.03397785402429405,0.022455736096004243,0.027676425055059302,0.02955807718613784,0.022104269962570682,0.034324617105687905,0.16985347858677513,0.016812953388609008,0.043459369916736115,0.02352409518334386,0.025420796288255616,0.02753600438022307,0.01923056189701584,0.01720160899840504
6,0.03455627167101128,0.04588730335107187,0.048722651073198286,0.03324776105108019,0.02248651958173975,0.03566251113725371,0.1681874570201437,0.022548072317238516,0.037193234495155374,0.024167716034142302,0.022358690113969522,0.019296591819308442,0.016673447940353338,0.017983982633678484
7,0.030227738420911397,0.01569774720299189,0.045845537967293126,0.05664041464976238,0.02710669917218578,0.03996576677724524,0.16436066443373962,0.01935300135356488,0.04890553395298039,0.028441518423220062,0.028674157540152463,0.020978003951171616,0.017435574967367723,0.02087438662287167
8,0.03920059786363933,0.023025135632823088,0.048680729307106554,0.06405951658468302,0.03463166250597559,0.027655230385302928,0.1759394592006925,0.05119937554673266,0.056107836221030764,0.029282809791567027,0.022635792878044986,0.018376968727598482,0.021829837170053604,0.022023328288160973
9,0.028963425781578435,0.02118640545322495,0.029910333640264325,0.030120050980562533,0.021688690361847566,0.06587329696948994,0.15235338250771915,0.056425410847352295,0.04384314534051748,0.019419347613570195,0.023105872117541462,0.01893907420260358,0.023613405993897524,0.018844471714684553
10,0.026897049565837168,0.01858746512829868,0.0533190494203712,0.06754631512860475,0.03242233732708867,0.056831318610946306,0.15728151069282867,0.02904171395971302,0.050992416253612755,0.025354442354314805,0.022652478952487676,0.018111833388301038,0.02167030301598233,0.015572416339439284
11,0.03725037456669678,0.02046530235434718,0.03229948168804616,0.05125311418283136,0.02247738422306121,0.055090827980132595,0.16369072071605217,0.09387949605732529,0.05704969360586371,0.020942011881124593,0.018391798777346022,0.02106995907878149,0.021771006904725235,0.01609507753325944
12,0.03595217379295854,0.03293805834553189,0.025995606910044686,0.02897623621453991,0.0364374464467454,0.05796635157223031,0.16889832095031262,0.02893794545665542,0.04400005734169157,0.024663533916391825,0.02263928903411914,0.019084137794503818,0.018372648607424366,0.02267103690269063
13,0.024122804545497527,0.018424438609532627,0.05998574722885246,0.03138763652533997,0.025699946176035444,0.06091097528826481,0.15309845000023292,0.02178629927947916,0.045356715869435245,0.02338659945097011,0.027321622699400794,0.026018963121169705,0.025235697139626142,0.020124945760753223
14,0.03070243327958101,0.020321400789036798,0.029598305975600907,0.05676988437055824,0.09496682119936677,0.0558308579175389,0.15455698666542295,0.02934933575416169,0.038530780869919,0.028582299538020654,0.023560593304482718,0.02308123944296734,0.019363432621612213,0.017758482078128614
15,0.03140563387911754,0.024500727935735413,0.03384785334956918,0.04432154256219421,0.025773259185221175,0.032904139388949705,0.1550369328907663,0.020171152573667445,0.04258466291566618,0.021266338727626097,0.022975977506868063,0.023817478621885577,0.014410741360622713,0.026145776107360384
16,0.02724236736735861,0.036936676258560626,0.02487572858627046,0.055364979564442446,0.025207619957658634,0.025730515079333847,0.16989098631195623,0.02024336080963217,0.039207607230183426,0.022787223734839577,0.021836022790295617,0.019353344027002117,0.020053993776824007,0.019726577752585333
17,0.02768049734031232,0.021376638287731276,0.02602380646883255,0.02966489334719855,0.021267956435743626,0.028087408790522524,0.15730448879065798,0.019126791329240788,0.05261236320995143,0.022221807286489394,0.02583339450619197,0.02003940350081254,0.023420575029217596,0.01894706426944417
18,0.02690092573130772,0.03421297515062423,0.0661228117659546,0.038154152191992904,0.035054580356223435,0.05751129116080326,0.1649808214009228,0.05918935786381424,0.05499727694859487,0.02231930105217641,0.025680210330164318,0.020025102156252948,0.017568515460727126,0.0173072960544473
19,0.03729832742917272,0.018839446660660078,0.06450677040398255,0.03025569625523111,0.0373503063894904,0.05529192562363246,0.16493529587642422,0.01795169329314806,0.04592128681169769,0.026506249448076412,0.02492231411461537,0.016336727359966302,0.01594048852388254,0.014927659137354493
20,0.027822260599472844,0.020874210298232363,0.06399632433404638,0.05561570273311067,0.018536154754597224,0.03182394606161755,0.16620315042208456,0.0210790617235196,0.050962436903258405,0.020343946580950602,0.02504151249929929,0.017758258770205496,0.01731463918290274,0.020265747432440504
21,0.03267306871638817,0.03201073719680848,0.029742183064111645,0.06695032592774516,0.027306368495939558,0.029326372637772477,0.141379707787162,0.02622324614412048,0.035979746343436876,0.023602831712226095,0.021033523646817712,0.01999452922206637,0.020784884073748712,0.01911472998611499
22,0.03398237429340143,0.01635239274137924,0.05328375947938534,0.031271560767451585,0.035663126156288354,0.02954492394322919,0.16250937758327239,0.018952895551426655,0.0419251663786485,0.02018603682529158,0.026590487265573032,0.02253841683071894,0.01807803137857545,0.016935717461139428
23,0.04029170706949706,0.020110266958096833,0.027159929519703044,0.03291308985906824,0.0185397182519048,0.07665067866726581,0.180204049601733,0.021101483730487848,0.04008922163720142,0.028812415102370696,0.019796095283217102,0.02086842494429812,0.02546973551124685,0.01734426412522944
24,0.02819751580571348,0.02056214088825512,0.028081791526356155,0.027075052979363558,0.02694394473568537,0.02771553113366106,0.15620588386657883,0.0319443117932038,0.05533567617249242,0.020505942136744833,0.021283035134487555,0.021960831598299518,0.017396198762219116,0.017335866142383794
25,0.02901902705852144,0.024634143061881268,0.05710238401808419,0.03896527868204183,0.03496986753413142,0.05530843278539356,0.1663970067533395,0.034898154826584024,0.04608265226888407,0.02659740566643929,0.02186484247826481,0.021017150330545728,0.021863882763238356,0.020312038441468287
26,0.027944869244162587,0.01772837761535954,0.05091914471684786,0.054441270972647816,0.016865301917774248,0.03379399477440433,0.14908748586161874,0.02904339240192395,0.04761447050686457,0.02213203319897358,0.02272718802405603,0.025777989903797167,0.01899402876512113,0.014965605915233927
27,0.031160049860279104,0.020735821031267723,0.043310815904585256,0.027530155238226408,0.030279984163480465,0.054207362034677346,0.15709028923744622,0.01970692538124966,0.05432072604558406,0.018897739392972276,0.018534407945332336,0.021956899227159467,0.019064189802421357,0.017611840261971573
28,0.027376109314577072,0.03634202169042571,0.028836695155148456,0.033669272489432925,0.04534863272668833,0.02727760543748481,0.18509830126704413,0.042589162542035694,0.03927983785869127,0.024090422262131834,0.019249626379912965,0.0217248038557639,0.017024049783171635,0.018515893870763325
29,0.030655854578214934,0.018906543435316083,0.027130210351867207,0.03498555135012928,0.037033200381348455,0.03425327149125104,0.1418400747307851,0.01575379515827806,0.03750197330703292,0.0202219768134373,0.023605084519903282,0.01798355345048875,0.01817416657959637,0.02039212638977426
30,0.03307923208587157,0.018255108461243064,0.0552352348573255,0.053846065224954685,0.054999612995128656,0.0296989378171246,0.16388409633144424,0.04761442781903987,0.04771724860678514,0.027189622828971305,0.021993589436037193,0.020654935409253183,0.020737208370327696,0.019363715762421616
31,0.037857837873586896,0.01650757889769958,0.02717829526831745,0.05220387770448545,0.023805634821556624,0.03316015011786467,0.16971325068542897,0.01875707419621471,0.03599449967965799,0.023995088201539085,0.021942105934158237,0.01813878579205147,0.01794209202145701,0.01578891548769623
32,0.03157235603242481,0.019783898887273537,0.06271905539431681,0.05559179336357804,0.04108753432841259,0.05359881710449908,0.16395675612868854,0.020664111751489623,0.043922191848759215,0.025487608938202472,0.019573037923065868,0.02733255978027062,0.016817653468480333,0.018994457085380542
33,0.03165802042514756,0.01928353800787957,0.029380088873999042,0.03424648229981825,0.04282252410219982,0.031849388568835894,0.15353529393585685,0.0394869010017712,0.05253642759461324,0.02369976379987152,0.019446805141199678,0.02171594619667709,0.016318054990723866,0.01876071066838434
34,0.02942752786031906,0.03586070688900333,0.037396336766505896,0.036596679329394644,0.01988525985231809,0.03603179146893916,0.14724073625554154,0.01511223068840028,0.05605082328035633,0.021586681205222166,0.023418242707180455,0.016807806403969325,0.02029330326079287,0.015560618195815383
35,0.028411082393253538,0.020379412600720338,0.030798176541416457,0.028254222841779416,0.03613245764966135,0.034954217023429046,0.1704027450147095,0.019387590598500398,0.0517631846250984,0.022941783463700346,0.018561094827957376,0.016762510082771354,0.01911756800246229,0.017048493041282444
36,0.031994045247456485,0.025333354821440144,0.026921273917453522,0.05123119139734263,0.04387873413905012,0.05063953789340436,0.13856217073078725,0.03931674541951134,0.04347941805186108,0.028183631949668192,0.020259115944989036,0.024530192757107036,0.018658348484686848,0.019021486924852206
37,0.030983016636742505,0.045952798367947426,0.029709285318928188,0.03558648225194686,0.023141658561045404,0.03142089799204722,0.15075577935222664,0.03313523180592756,0.040263993998435374,0.0203841077582417,0.022218814641561932,0.023624182944552832,0.016197553092765552,0.015918456673574256
38,0.032256799594803494,0.046115359003612744,0.03695933064994183,0.03503113267981494,0.03621952878925012,0.05465572453112031,0.1397722170235737,0.018868856759825473,0.04262884809153846,0.027588684052797584,0.023840729576338596,0.027697893893445777,0.02019370368825686,0.019351755052077587
39,0.02928354413653538,0.019096263443712753,0.06629955215310257,0.061955336201719245,0.04789254389475091,0.027283087866934123,0.14158694749042736,90.24941337699177,0.03435173711045395,0.02648809197216466,0.024499207873996877,0.01911506336168484,0.020897827724593587,0.021114245619396933
40,0.037489498937658045,0.01958071057214169,0.051323139902004516,0.03509235776372761,0.01715672457228125,0.036276116975316526,0.15963001677909097,0.019186918463952825,0.04477528396922385,0.02460938835755282,0.019009163809633314,0.024246546945295582,0.020830065103477152,0.018626249374397805
41,0.03652444849954093,0.03501494584071379,0.026417404351634192,0.04207152920559107,0.0279500918403113,0.06123209609231493,0.16057325577394285,0.04228080808187391,0.04019919841005672,0.027487067254790627,0.023586270670009533,0.01935429904701676,0.01999404384682157,0.02533525447499208
42,0.029605732312957853,0.01643424341946832,0.06442774542856489,0.06679109422080465,0.0445968072628039,0.032575468103150415,0.14825820794917513,0.044328359147151046,0.05017776876841784,0.02669899237605158,0.02115074593456988,0.021578658939000853,0.01754815335166562,0.01610541292896563
43,0.03766938975336555,0.021129190003583796,0.05560475547742153,0.03552279071091998,0.021589240128891657,0.03144277529852952,0.16791566783409892,0.03716655186083245,0.048482978048638284,0.0194622221960423,0.018185341822477847,0.018556197396696294,0.025413842504735655,0.018468253965964136
44,0.030702358831677896,0.018724596794439753,0.030488580954888992,0.033570870378932756,0.0809517812843316,0.02481080572508565,0.16600145514489115,0.027724029521591493,0.04416830759537814,0.020107536304714776,0.02067355441628494,0.022464388950507543,0.025337125949797246,0.01563345272647197
45,0.029433457934803182,0.022731387130919926,0.059326836571639334,0.06388777128874154,0.03328249926524357,0.039213981275299584,0.1429205250922892,0.022330317900390764,0.055705690712030936,0.024252123601824833,0.023275761535061477,0.018584869499453958,0.016919154405741876,0.022750307318360002
46,0.029755968207791503,0.04622446114024199,0.03461920437596095,0.030853476047942342,0.03376196849992304,0.034374477030967875,0.16535494848516433,0.019194919230239242,0.05121802070184635,0.024693890561620073,0.023411327406868285,0.019181796943150267,0.018405983665372806,0.01794502667010422
47,0.030767600773103327,0.018451250630667767,0.031956659023843204,0.03865128873314186,0.02286522585655151,0.03565231411658104,0.16745500238925662,0.039651021512495846,0.04489534540648497,0.024923629245890543,0.026255203047837048,0.020397767942469752,0.017775914657092048,0.020608750477627294
48,0.027636887607749013,0.018880861196771157,0.027723552671497533,0.029288262604666427,0.021686849233872436,0.025926572370472044,0.15115461958608134,0.01914116331345642,0.061782385740346266,0.0240663833660115,0.026989138801769844,0.018805560186476163,0.02044627455847521,0.019644058107947057
49,0.031096453426937707,0.019412320615466067,0.06826289996413742,0.035630160663703,1.9453077604123603,0.03492087414843013,0.16207001996686154,0.024341571496905575,0.044160155834783485,0.025031095061772292,0.02297189750243435,0.021493149659125417,0.015193849664462954,0.02771861751770513
50,0.03389683343689312,0.04483801049480417,0.05559101883520901,0.028443496038232548,0.0172818039390468,0.03725855361875665,0.15913995348296414,0.0574684511114503,0.04326859857029853,0.021044109873853384,0.02103520608411854,0.020717730528642484,0.02353807090033282,0.018554895602414034
51,0.031200206664582186,0.020038360346267905,0.05243754091920175,0.029008249590045512,0.0348259393915342,0.05382613508665084,0.15978459873490486,0.04248233159446987,0.046615890224362695,0.021518131314701292,0.02335218165926584,0.02000755094395554,0.016931068095159554,0.01645598368307554
52,0.03190393343617724,0.044957767603864725,0.03514553706193388,0.06966925399370984,0.031517707383029586,0.029309397675979103,0.1323967874129264,0.028041256000559026,0.039154225500697276,0.02770472488357201,0.022872349608768865,0.02395083676522199,0.017900648545523506,0.01855666051462936
53,0.03574497810881928,0.017775704343014745,0.02919151876788632,0.03570549364579807,0.02815913715046162,0.05961947045090003,0.16390794092010447,0.025585796655113492,0.04732937050159638,0.0247543407083706,0.020292226642655963,0.024619038512768695,0.017846911732182932,0.01676932551744442
54,0.03245330475379517,0.02154450209806736,0.05040011526325294,0.058710654681340374,0.04318402838570904,0.03070593654706577,0.16272193114613862,0.029115186185712096,0.046614745355769725,0.030185073090254314,0.024492672802368727,0.020069612189279735,0.021603309870393203,0.01930650794378126
55,0.030412306823242037,0.023141889418032375,0.02925256330299429,0.053820510317138234,0.0206102600805551,0.033961496194128214,0.1747958057656564,0.04421569718673824,0.04552983679438267,0.02121174228575751,0.02177150382835792,0.024609121132966864,0.02094765519258339,0.015394619696395755
56,0.030783783742183633,0.04906591549182156,0.035433740657336114,0.03165563847623324,0.03479726061354533,0.033706357114678044,0.1624876689616397,0.046811952975963494,0.06118674991828283,0.02300440269865257,0.023991193084574296,0.025026597118328976,0.01722955176419473,0.020447105483225085
57,0.03605018301477626,0.022810799323444743,0.031123520524240826,0.03224110092154305,0.01536727111696064,0.037403192317671606,0.1553759839219455,0.041499929554478024,0.05188221233256616,0.0210727500254884,0.019348356141886732,0.022163012459613392,0.015752065609919028,0.01898340986356614
58,0.031700624785273676,0.020008241462813384,0.031542629973261876,0.029739276536978058,0.019290170984378286,0.05520879898281432,0.1790809650213486,93.49165007615593,0.04603827140254629,0.029820684552487927,0.021169206778001867,0.027543896259035375,0.022411258985499775,0.024218833935963045
59,0.036247665738473614,0.019444982990822108,0.027172124102491185,0.05563025886798401,0.04043320350447076,0.03601147311359857,0.16124876163387977,0.017929638102807812,0.046396392326018575,0.02180546905050181,0.019159786868530284,0.02262581628248438,0.02032561314952838,0.01887449569479319
60,0.030066089254210934,0.019982804058515973,0.03519220113423719,0.027827394659673384,0.03500821745440836,0.03149628469206394,0.14320586049044046,0.0213869092830019,0.04781501076346044,0.01911868724306306,0.023342585742356634,0.02392540644416533,0.01780604649212274,0.017483580270212663
61,0.030661888500073155,0.021801206260740523,0.026828222252569364,0.03060101659583143,2.998929928132523,0.028272336975850233,0.146852184903136,0.03849539897935114,0.047434951808618606,0.026087179787134002,0.021929905375318293,0.023140466805340463,0.016642301716145176,0.016414224181103748
62,0.03288286719500032,0.02039210459988735,0.027252893747563133,0.025811062152846207,0.09069199373025087,0.0580924633493857,0.15869429548813208,0.020282395528467022,0.05605972522864076,0.02733647507310121,0.02442331082312924,0.02248933334237103,0.022151947323721312,0.02363287678493017
63,0.029834957558298382,0.03496688534583479,0.0295181097933778,0.04252875616383966,0.02044081286351484,0.04267685229339613,0.1494403844762397,0.04614972022068319,0.0440457847211533,0.021299764621616046,0.019624216186180727,0.018896379034166404,0.01755140746120615,0.01961486000731026
64,0.03235837495690265,0.019157228621506324,0.024483644525272106,0.03081470043502269,0.017568123283690822,0.034333739289847294,0.1449294449555844,0.04282721353193274,0.04788956748090206,0.028556744784900515,0.023587908623371834,0.02303260588424347,0.020085743846890734,0.02118959098280028
65,0.029295207061580408,0.018662246891452978,0.05542260277194476,0.027567800586998533,0.03250758865948127,0.027303637191322134,0.14799010307410254,0.02939745012355373,0.06392620051546628,0.029044890663256683,0.024964478106040255,0.022888662081304956,0.017225579289572718,0.016722935721967456
66,0.0327897290723029,0.03005057315168792,0.026834398966921455,0.034486606642310715,0.03660895143258718,0.03443765920178812,0.15252179139712316,0.05305768892499711,0.053370172250131624,0.023870805165882057,0.02220360101754432,0.022760483413094102,0.017408474358533346,0.021186910105120336
67,0.02843868678023588,0.023083246159708942,0.02927008866691138,0.02599833626061081,0.03401176807682242,0.06059377760607672,0.18385150004317552,0.018426396463706227,0.0489824915633677,0.02220236899360743,0.019127056493644577,0.021184130841875,0.025656008396984196,0.018421548258802364
68,0.030901560984531957,0.020939196008426288,0.05635990433420156,0.05903343696220926,0.034830400879839074,0.04198008803337064,0.15335529385825114,0.017181838382131647,0.05278805962893744,0.021194511155768064,0.01998015154601006,0.02409584406786546,0.023052292841634084,0.02011238143781897
69,0.032173202741940236,0.018551243439242724,0.028908926634370904,0.028525552321326076,0.01751929369507756,0.0670454389833763,0.15398555972836642,0.025898399972479436,0.04663183905639121,0.026116021212730028,0.015648747224292867,0.0237264103970633,0.01651018566048922,0.025757957507937756
70,0.03446650146449995,0.03526401096835784,0.029186760744459035,0.02625114803029858,0.03601479604084828,0.028568857533984394,0.16146171563364975,0.025281185381579356,0.04794801209150167,0.021308056807183846,0.019587953178347047,0.02169396157502534,0.0202620738701766,0.02189050150985756
71,0.03401648834650664,0.0190743342197766,0.05509308661852471,0.027654805097121392,0.04850424863258135,0.02668112938132526,0.1712013802816919,0.02243760976529055,0.055268728610935895,0.028065278544190206,0.01986029182599805,0.02071683426084645,0.019449978387010413,0.01955967080214042
72,0.02857733135813998,0.04413509511272306,0.052671558647622574,0.0737433103025915,0.024036484188184017,0.05893015032368309,0.17794946020671157,0.04404612864941386,0.044767640222336647,0.026558025332276608,0.021957238945709768,0.0211717082103242,0.017835035976121554,0.018216187475296318
73,0.03540683632691958,0.0181120014628519,0.026427941573237836,0.0365324323857329,575678760.6071967,0.06232291522450191,0.15279889616277317,0.0522423477421277,0.04910310996762808,0.02357306055822398,0.028792737600737993,0.024675398818164208,0.017589473552571844,0.01607439058969568
74,0.03272596715815435,0.020669264825536236,0.02415976814905942,0.03219602710851247,0.016647309711914634,0.036405345326833094,0.15775576076731598,0.021772493975595403,0.04641760259983965,0.023885497629419362,0.026800934232037166,0.02561985311862818,0.022671283663527553,0.023209359228526988
75,0.030130051764061867,0.01803300623914368,0.02947322649139687,0.029056266944654248,0.025112806910019388,0.028286412252102246,0.1718926672888366,0.017132466447296723,0.04553092958210877,0.019775334654108467,0.01666836357361148,0.01943776579791671,0.023273997161259403,0.014254912848766354
76,0.03263499438835945,0.02146856744530362,0.03303548075290262,0.057337083145472756,0.03908050786782308,0.059884200272660164,0.14113633761714298,0.027483239020194013,0.04499233240005871,0.025640297843212673,0.02154459772993065,0.022458636031668273,0.01742134829093151,0.020539524698063808
77,0.025691004505116025,0.01953513961924118,0.035704654010391926,0.027796336007126544,0.018929758174558418,0.029954163617141667,0.16077355803647184,0.041232325596932067,0.03915263312019001,0.02420298229324793,0.018070848771614936,0.02588356896401522,0.018923099513547904,0.019900350837923284
78,0.028195543792382285,0.01604789958235705,0.0280024294774218,0.029499285269730918,0.024777952169990316,0.029943074675291424,0.16357165003498667,0.04148108726499203,0.046551941681389535,0.021736441870758436,0.02657888883244364,0.022494799864536664,0.01958056503113354,0.014571281579341962
79,0.03319081019120457,0.01774696072154726,0.028838436006398935,0.0408480257109017,0.021775827767552155,0.06741942129045937,0.1586295422295746,0.06264844704922866,0.039278697276942554,0.023116275902544663,0.02129858869438667,0.02564825294252881,0.01824752014375742,0.0175218563869205
80,0.02986308440134689,0.046901265278150604,0.0315239767319385,0.034607994488550356,0.029459773218756632,0.022349216555728465,0.17471737872607776,0.04837182784628712,0.05024489295075812,0.03186576916748993,0.0221248782342007,0.025154233655318593,0.020531165864669614,0.020896884035957634
81,0.02778912296021286,0.03217022282316927,0.025633189377442248,0.02991945012952121,0.0344049353416737,0.0363725906179281,0.1538193497427339,0.030370336905014048,0.05000153275669642,0.027363177529825786,0.025220673761247456,0.022024758375293656,0.018575060420842632,0.02461152433175744
82,0.03180226022646003,0.04968439042645352,0.0482615531313204,0.0266268978398696,0.04382038765313589,0.037286866242528104,0.15305306794465592,0.02672172348511346,0.04516039006952175,0.021641201512296915,0.01975609677679963,0.024405243783318434,0.017662501616010746,0.01839140465189948
83,0.028212529120680983,0.020516464094518697,0.05345518393350462,0.03816182429210763,0.22478869418056033,0.05203173305340865,0.1636030551642443,0.05763649917862033,0.04395974511980898,0.023063058816951927,0.017920681374308845,0.022484889769948786,0.0218883271234801,0.017131381570995714
84,0.029298499895618085,0.03365229516353096,0.030482183026061458,0.028192837268228473,0.023650578979428547,0.03626568710347692,0.17005538974565748,0.019694070463484353,0.046728025780088916,0.023514520808114062,0.019924920057841435,0.024876792331285487,0.017965153897972517,0.015161015241820267
85,0.030104254031776894,0.02368044597782472,0.050878694431454756,0.03294662424182973,0.024705698776866746,0.028395431477787912,0.17290368122330407,0.049881199386938815,0.04652025925381873,0.024250880097027774,0.020063904741222535,0.025250839558438636,0.015596605469735758,0.018938449643387534
86,0.033626861263829765,0.020015103423107743,0.03092183663342683,0.03112323004730974,0.03453609713790399,0.028515512764600084,0.14640067764508174,0.020225643615605648,0.054643086663446215,0.02073446809558918,0.020358313473687415,0.01898634693784306,0.01838728104820164,0.015116663584628535
87,0.0348550355218065,0.016789087178732485,0.03243562070672765,0.028931156884824547,0.03309301023938418,0.025313241350256373,0.14652398934844835,0.02463342710654019,0.04976372670004724,0.020251084670500533,0.02482968425965917,0.031249659010632536,0.017447271232857463,0.017166513396806027
88,0.03730952633914121,0.01899749780411269,0.05261063301330158,0.032300619428360454,0.024451549858628404,0.030407098462827048,0.16453224378473635,0.032841777532863645,0.04625581058322928,0.02261746211810382,0.02337204857912581,0.023411655814704033,0.017092624950392304,0.01903393123426636
89,0.03602246043258817,0.02193498009268414,0.02744669249729976,0.032998547927234896,0.034511423075972915,0.028591648749011177,0.16023165035562606,0.03638849785739784,0.05385591826353218,0.019276322138420534,0.02529093076990223,0.01883256275276873,0.015647042002024304,0.018483106404084227
90,0.04202642268601956,0.016286134992066718,0.03945820874709472,0.055882885931780625,0.021367370290531162,0.036515652966360744,0.15546900367477742,0.027580054469559627,0.04806402977383018,0.028282950162753565,0.022005114242420187,0.018826047596349538,0.01808868139034858,0.025063331377367624
91,0.02966943157297674,0.044881696562266205,0.030204889513008173,0.03393446841706731,0.04631737161132292,0.0636075219377693,0.1574576832427681,0.07828197474764954,0.04945252434746133,0.024950855710169747,0.02221410297183918,0.021718262966238987,0.019038317467628095,0.01521275247899933
92,0.02881658918140864,0.0469383460188024,0.02852196954662483,0.039498100240166936,0.02762474904671131,0.03260553049826811,0.17708292837643888,0.02545270748375881,0.04238498955555539,0.02550557404310763,0.0205447667093222,0.022072759953752148,0.018787705469809225,0.017213767102318773
93,0.029943530903710436,0.020128607595490407,0.0370375003699399,0.029927025431128483,0.04563750224000387,0.05695849394867624,0.1690168450218148,0.04449643598963617,0.047961656033213944,0.02641771132278596,0.030618991862053295,0.02844433681171967,0.019381717897018445,0.02704859360608206
94,0.03286143724438154,0.046079824933257116,0.053046741292387345,0.03240616902252798,0.04273048676564378,0.05707693352181977,0.14077557182784384,0.019710430449124742,0.04333708377328578,0.026007745696923257,0.019814334363449343,0.02190331747990879,0.014946956987131275,0.019135098848339947
95,0.03304885976080007,0.019340585766446212,0.03903080317186071,0.03910909209192224,0.03285177402641729,0.03471582004479568,0.14680064828697836,0.027823798143837643,0.043484896125646856,0.027922752957919007,0.0197485262050672,0.023329151283552004,0.01680026914448977,0.014698067489575205
96,0.027435478427981306,0.016790556387257037,0.05574290527222985,0.038827936392727525,0.023606924966907476,0.030138379429088463,0.17304449494874585,0.019827759644537875,0.048467328557918285,0.025181609851937972,0.02267509392376065,0.022489383235747177,0.018488553638800604,0.016498447538277613
97,0.02990066381300334,0.020858394470633538,0.03065804577273046,0.033856620867762977,0.019725582067596142,0.036978926928189396,0.14771847126558177,0.04746754600574657,0.04262433613106555,0.0274123127366705,0.026854555371890035,0.02256986143984292,0.01692483751683793,0.015369780668669905
98,0.02516822834756661,0.01775707284000431,0.05613944398094795,0.027403542963459402,0.035561331399166396,0.034394586835163624,0.14561306991151987,0.05828082604582766,0.04385702479921489,0.022763326593816323,0.019429134854217395,0.025902021145047208,0.026775302824072065,0.01994393576652064
99,0.034329268238699265,0.03238531855494148,0.06729690497700908,0.03354169327899778,0.045445407278615874,0.03514192088076318,0.1614853321105644,0.07670911666113245,0.05076460040312853,0.022231261107893734,0.018661920810132803,0.02722862766842874,0.021760489993507045,0.015720472158369737
100,0.028516160584540984,0.019069169387887375,0.031392830121363964,0.03585169144708012,0.038064533470829234,0.035964080217401835,0.1704939803093097,0.03274972116163905,0.05439316073610506,0.019201615814880328,0.024812161440305684,0.01946110046071804,0.01998223801273818,0.019707945746682283
101,0.0330389000029788,0.02260581262792867,0.02593532359827867,0.0247962472690858,0.01667146849776241,0.05852340451285947,0.1691355752261588,0.03586298424956004,0.04226853536289168,0.02327201496419042,0.02047067488521671,0.019667596297411258,0.0220533317895876,0.021324189112055133
102,0.03206316909751042,0.021598889301670827,0.05615747813153522,0.027323044097515344,0.03583316156154714,0.05107862823053184,0.14388569239091614,0.04495330476284581,0.04314501340150108,0.02835281892065419,0.021754560235789987,0.019923909425217427,0.019310043337185293,0.023978256445215798
103,0.02438756778351394,0.04166626981201607,0.032881258725252986,0.03631424464988525,0.01780398789854717,0.02611138633076869,0.17752632590331113,0.047575316308411914,0.03781274251391337,0.02383234302714333,0.02263303468981887,0.021561120299074067,0.017909183590229152,0.016589588374125972
104,0.029558209730936123,0.020357165936366266,0.049134321761334955,0.07367934260264863,0.03775245153213091,0.033214834763574404,0.15310537391529885,0.021271943595782078,0.046119339017476196,0.024079296331527483,0.027059594615221713,0.021146299285545907,0.025867783916369333,0.020005235760923275
105,0.03903062310867419,0.019039077711161513,0.05921797975249507,0.06617622874683615,0.4206344719688699,0.03282422188580594,0.18490429860243576,0.018535649815943547,0.05326735145148073,0.021363510766537055,0.017822234327997434,0.025033624222522113,0.02061484238887981,0.016787349158886126
106,0.03422492477893297,0.03456308694152491,0.030487748249145526,0.05236823600265047,0.03553718590028911,0.03284122042285813,0.1732209888302542,0.01630863191607434,0.04956679639889998,0.023093298020052135,0.02184555121819867,0.020789118675891394,0.02261887639701038,0.01779763264615831
107,0.036136420543515194,0.020124438056336624,0.025447064580760726,0.03856143561067666,0.022678048464265528,0.03832637420746585,0.1792326495325709,0.040183347696124666,0.03906066958687798,0.0185279222003586,0.02656923885287664,0.024195625006777015,0.017659670690329757,0.018260430614703553
108,0.03686657730690212,0.02351752741834422,0.0251677158327434,0.02852803882749135,0.026299719693012216,0.03734098764300536,0.15445616955494965,0.019066667426173467,0.04910234681850953,0.021017395255513948,0.020314248846672402,0.01952554983656672,0.023116501911618948,0.027118262433639025
109,0.03516422174362292,0.0341780980173512,0.031036150668155123,0.029845635512119426,0.03366598992397051,0.036811618840912275,0.16912103308457505,0.06651788581883358,0.04240484409137537,0.024198040828034402,0.030979968002698956,0.023184760230480193,0.02289488282129483,0.02075978531647181
110,0.031139827895718678,0.04345639859167273,0.037346647661237055,0.03447512831252801,0.03383515389877732,0.030970467574549496,0.1538460105634898,0.015528649969321988,0.0507074925621338,0.02447270650923364,0.015850602364941246,0.021880838796760678,0.02015319903204037,0.019901746820120185
111,0.030438362902772544,0.044222835104990234,0.05284637643495965,0.03194895238019227,0.018297951543002115,0.05876034169855465,0.1663147471500017,0.028025588985007607,0.04153545986516901,0.026525967383197464,0.021680327867096463,0.019504159883522325,0.02031597276174992,0.018470028378509754
112,0.02731668445295825,0.017304147415416367,0.024362434233815043,0.027991548008970857,0.02809741848688244,0.058094556366123914,0.14834402563389723,0.03845469862800187,0.0536881154208894,0.02202912671428295,0.02481478898962455,0.028270993821188126,0.016905238799203297,0.0157081899002267
113,0.031137171572998373,0.01850099933025,0.06496825911847713,0.026687492340595274,0.0301708660248239,0.034652756021570176,0.16120443211679605,0.025014395854830836,0.04815592144647928,0.02071006836511035,0.019354996639204366,0.022410975409097787,0.01752672550211926,0.017966351581630877
114,0.03863402092901685,0.03281011106928397,0.048133322967448856,0.06889542347218995,0.034389026577432875,0.03429233011530475,0.15554256519228285,0.026238166115065388,0.05229268019915923,0.026678601720145915,0.021710290367987693,0.01949096033449727,0.020653532236442826,0.024051228293225844
115,0.03257611641435799,0.014602233536297263,0.029593695263733462,0.06452307863670373,0.01788971007565987,0.03619511325348118,0.14582325225699055,0.019250333701789333,0.037719319579587504,0.023626283646048532,0.020373367924366,0.020480739889864916,0.014446981128688481,0.018544816172875563
116,0.03561818927057151,0.025589507583540953,0.03102852517974253,0.06689925245961581,0.021538645025640662,0.06967371853974497,0.15409079107294185,0.0425788445857491,0.03865004350339681,0.01850137232427673,0.021799628889794424,0.021385049240441757,0.020817111229311454,0.018281421782564047
117,0.03449772933960246,0.019967664811124046,0.03256059648296071,0.06230471160230401,0.018583796352800615,0.04162873636952532,0.16317814831062197,0.024579053082167235,0.04742667768953599,0.023798127914729985,0.019128286972374793,0.020258791326238763,0.0242565827119196,0.019269709515199254
118,0.03142102692502904,0.024129481289538384,0.03883574451130321,0.03065760178040672,0.049340663164577137,0.05436121789291675,0.15885319607679396,0.036304703843860815,0.04994164473891411,0.02492181216272707,0.021591486401171273,0.020088616289007766,0.02063541625101757,0.0169964728783642
119,0.03734015075168741,0.018002080401367814,0.05489212745752124,0.036807259896519645,0.017545215706379087,0.037334704155030984,0.158417351041941,0.024303965525904612,0.042573201081952144,0.02395094183653654,0.02650513098194179,0.021100333472174302,0.019677414810790106,0.018603320524031613
120,0.04244185374834337,0.024351375858461467,0.03217570211580397,0.038627176420480865,0.03585013276015833,0.05785999158670494,0.1762013208660981,0.02211813662263143,0.042905514843191384,0.024847606394348028,0.025868988839620983,0.01938059969617914,0.018592604820167686,0.01639679466628922
121,0.026322930214446358,0.03742347729261969,0.022762962727639138,0.03303051213183434,0.03860700862282273,0.03384704349567278,0.1727538621477036,0.0208812938455449,0.04920830178667976,0.025188422812228984,0.01872128770903595,0.02330340665124968,0.01930580909658586,0.02484522378567565
122,0.03280208756931661,0.02102211063503013,0.022525231206766628,0.036814570035355716,0.045232828871418405,0.04048584712471274,0.16582046778047546,0.01876743564431973,0.05622518174832502,0.02373563181234373,0.018472571827254595,0.020633489804357124,0.01960071748683242,0.015235415331011267
123,0.03210967511499436,0.032567149370847565,0.02383339512692098,0.03050031297635711,0.0607013936825978,0.034783215616840675,0.16078643951781424,0.03180390873974581,0.04236658955856144,0.025179039280509397,0.021456261102036755,0.025839791041437476,0.0189400853741857,0.017646781093389113
124,0.025140570357974512,0.04147301639681188,0.028953505142084442,0.04009641212951653,0.03303379807194059,0.07042881569772581,0.1525914286577985,0.02630460883419007,0.04156790318107898,0.020950034594550256,0.027221584716282266,0.02124670047728432,0.014971413821647512,0.017614324805257972
125,0.027552824809880715,0.022341140979199817,0.03438426570300689,0.031824185932091444,0.03194649077288357,0.05695479273413504,0.14223814639557736,0.04289599721584914,0.04466088249392985,0.026226614380314494,0.018221280275685026,0.023663867300712054,0.01710066463911239,0.02264282130114238
126,0.03067130235476411,0.023855875542543026,0.051798219582320976,0.031897168047573005,0.03706090703901955,0.03929804096719807,0.16245392492913438,0.019318288662164222,0.04534492920639095,0.024811355773737033,0.026724069460697584,0.017385638358299305,0.016848278930801305,0.022254875832365417
127,0.029509691378553266,0.04796004403897627,0.05501553447821344,0.029420763141190857,0.041767597500049325,0.05461372272406556,0.13562683066894207,0.02347933294294556,0.04101005653787658,0.02420413228286108,0.023953169349437815,0.02324658726815459,0.020383785242637713,0.01736285256986117
128,0.026325322743988615,0.01838218374042967,0.04983690098741648,0.029705826748689265,0.016780053271672136,0.04046885150307583,0.1566111059488987,0.0223597786199313,0.03997535804168467,0.02597164872295919,0.022120636362585364,0.021726100478238107,0.017269674211836488,0.019167174858915895
129,0.031222267878819304,0.018438981793426373,0.05435248346389722,0.035644637400801794,0.03772378349868801,0.03378717473109254,0.15494735108051347,0.018937953208356024,0.04776901642898252,0.026674180333031466,0.024799371084046094,0.02439173584054856,0.01399781125177199,0.01704887430528396
130,0.03766847725824342,0.047227881637537654,0.028297234813505417,0.054405698933893694,0.034116643408675776,0.030852415064205423,0.16552897054763652,0.026817520509014092,0.059635158824966526,0.02147402247729871,0.02060896922053446,0.019939207462354922,0.02220475787023482,0.018849688430329536
131,0.0428358854099975,0.020574688473019683,0.02796216668127971,0.06069595438511017,0.01677550606139131,0.032371823606514735,0.1496415471973012,0.018868325328423627,0.0456312321804991,0.01725905182626582,0.023133740450335796,0.02323549173694071,0.014898177568321506,0.01952097483248367
132,0.027732299763780877,0.022049730574478135,0.03186343530750296,0.05773161942375963,0.03441201890934577,0.07408933797369058,0.15020421563904515,0.024127225189103717,0.05309155682194284,0.022398590511569987,0.024090549869166287,0.02654262214275293,0.021685743025303232,0.016919076176581185
133,0.02880750002886501,0.031865158370697776,0.03935969223300643,0.03507755722315765,0.022455870268738472,0.03613594612171283,0.1733537544527739,0.03927175619843905,0.04109422811797811,0.022991505754147937,0.017132715459456174,0.02146648241938067,0.01809353297828002,0.02099822102460757
134,0.02760569464196226,0.020908581908030327,0.02814153514951985,0.03270320948891587,0.020831864172333743,0.06623398369686476,0.1584465061136839,0.022066372481697225,0.046406066328639466,0.020404416700797113,0.026698060994442923,0.028499798999066055,0.018652314235524523,0.01993586070573799
135,0.02574008063679488,0.01799748919619744,0.0527316658093154,0.026821304276642824,0.033564641092232714,0.07319240023676606,0.15351045290737614,0.03879816936725751,0.05879885809701939,0.02207232835885589,0.025009535349973227,0.02196668637647047,0.017243223667075872,0.026280695784488488
136,0.029081585718663067,0.037641825981693536,0.06993220436361657,0.03170517372741295,0.033805626759023016,0.030098963443270198,0.16426575086975395,0.0215267392474108,0.05143000899343578,0.027861485610963663,0.024121443489431398,0.024872274696941716,0.02112989392575828,0.02666463583154201
137,0.03747970930318269,0.028240217391794012,0.06147620110677432,0.04942238968757378,0.01653587641862478,0.03508296552083606,0.15263438989751882,0.019967110593449827,0.04218635179351174,0.028399042760876153,0.015707272076155535,0.022996128443074033,0.02039839718085805,0.01675204919979097
138,0.029062654034853433,0.045333364131146914,0.05739655163715488,0.03209619472675662,0.03876497956016222,0.061219337064574,0.16306503640420555,0.01840190276864543,0.04119716943010589,0.020226146028800653,0.021708490748086357,0.017084784831152635,0.01722464005704938,0.018501380921959992
139,0.03253610434023286,0.03799008861962211,0.028688488402062454,0.05375991230523705,0.1454675705191177,0.06433219213880195,0.16062172651504483,0.031951466535890954,0.04291184205917376,0.023790614211775953,0.023522507339832625,0.02122087412820616,0.014266356752734412,0.026574915342963214
140,0.030681917708861788,0.033404976108956264,0.03037422762392312,0.06944807710424847,0.024339682490757644,0.029921359996041952,0.1738094946700105,0.02497785705545965,0.04910739891596709,0.01888693926543666,0.02721235004735432,0.024820189524119234,0.01785256597720398,0.019701914494348365
141,0.03098628444389925,0.023582706455216387,0.06398343323830527,0.032486473480619414,0.023890542290215675,0.029055936529579864,0.15355881174376693,0.024403705693850187,0.04647018778209547,0.02306584135929683,0.022885050312154636,0.018486846013307738,0.020559818488785696,0.020815045995490365
142,0.03325372939059548,0.021914590666148436,0.026141820033084736,0.02830218649706083,0.02295857789630653,0.06542135298856605,0.14612409535896073,0.06046858618700879,0.036407019266184455,0.022558639543460535,0.023855216640862337,0.020181618677651454,0.02316690503418495,0.0183113235353443
143,0.0323711239497967,0.0197586263987396,0.025922331781214985,0.030670786570131454,0.03408917072508998,0.056200804651431305,0.15679724236800532,0.04134118432980392,0.03810968695371704,0.01861399754525707,0.02681415641192655,0.025448078012805218,0.017629845052142285,0.017784862328821725
144,0.02850074791456049,0.01693005973421293,0.03002868540145289,0.040486898464045316,0.024805101443660965,0.03598081921584486,0.16541757646090263,0.0197884471754485,0.04483386175239585,0.02340838554489644,0.023347144759154122,0.021107329359762873,0.0143564838867886,0.0230678004919381
145,0.0274828967277618,0.0230427717780576,0.029281454216613434,0.033779810437910306,0.02214007362836266,0.056414126101752664,0.16077178965968436,0.021955123356063595,0.047008358664632974,0.02313488464599857,0.024886345596404173,0.02638325618350918,0.021261089642221013,0.0199042197670893
146,0.03047747400002748,0.024977945600188296,0.03400872729232571,0.02904088130272599,0.035908896098447794,0.03540543307982627,0.15521081031927156,0.03827110679514629,0.05633256440956154,0.026128499558437136,0.024709401319114817,0.020008582179903037,0.01845384073004443,0.01766718360541496
147,0.029794957265076787,0.023256354673438652,0.03781836136808477,0.03064977426143955,0.03476509323405376,0.05768280947635265,0.16070792793403477,0.02488115060169772,0.04370996915843098,0.02531559343269185,0.021484979523195464,0.031220623768097745,0.021119227435313307,0.01602578924363517
148,0.03145220647542385,0.022463572717019157,0.03790582603180647,0.05863020431470545,0.026713045402701405,0.05466210227207695,0.16196041416691326,0.020085208587655397,0.0493455573796186,0.020930785561339156,0.022064502159597727,0.0231962964838119,0.020245818697370143,0.01919459738453463
149,0.03937560725890547,0.01786903189550266,0.036381555372856304,0.0654341895253516,0.052937038476041746,0.02901237834699967,0.14446473475407534,0.017562646394333463,0.051245746997963165,0.02258503179967308,0.01924997432096368,0.023929351176694775,0.02246769220469413,0.015049187212441785
150,0.029026295821100983,0.02176139824141921,0.027753587383354556,0.03519217469346907,0.03392060021122435,0.05873108769289008,0.17111094847528793,0.016930961049148985,0.05741546367810694,0.0212239166563603,0.01946201137030015,0.024612777762488734,0.018238006388044483,0.022186406430961474
151,0.03314000920201618,0.032225882102219966,0.035218516323827546,0.028967757637407925,0.04284814205432219,0.05704937122269589,0.16787427291770476,0.03018261002168574,0.04108369215803206,0.024214954576017914,0.024563738766169945,0.019385210768527904,0.02489303904216659,0.0225850473494528
152,0.027458352265638027,0.02081901735516527,0.034872087815053986,0.02993170373463459,0.02219991340801166,0.052007230365707216,0.16209231178843184,0.01865723333914046,0.04332771339507267,0.01748829312546919,0.020764474838300778,0.01918856870904849,0.02720140733871659,0.020154188437138617
153,0.03215041847212038,0.01723748949228054,0.056516381929187766,0.03821244535094521,0.06626136637893318,0.029361787230340428,0.1564864980193824,0.0273746794695435,0.04058615656823821,0.024131230792877583,0.019032560808093513,0.021747629072784703,0.019412021364461334,0.02238658193510363
154,0.035222191677304386,0.04647088281605923,0.038987890957707876,0.026905572192776943,0.03298712525950384,0.03585017728304911,0.16072759732338074,0.06378529317769017,0.03932510132685427,0.020544922796769758,0.023256730551338763,0.020824615796690767,0.0201922967992969,0.017025913397018602
155,0.03195175741924191,0.018794051873068974,0.022289560224612072,0.03230682142407435,0.026545642312953945,0.028648967587638356,0.1619647973888528,0.04444146320780867,0.04661647268050815,0.026962349934804904,0.023741935773263192,0.021630537263128937,0.021074664461475694,0.02031366770658889
156,0.028475806915116683,0.022835472058914542,0.05570958666904005,0.073333071843587,0.017518250520303712,0.030701993996453996,0.15106696780004827,0.020689070590448763,0.04865608019075914,0.026151763851771575,0.017509432511077935,0.019473768432020082,0.024442869383659357,0.02210669421631067
157,0.032565975955288845,0.030817296463461038,0.023030236263208187,0.03865463953209198,0.022548181793549817,0.04271498651306493,0.16034811370691918,0.04239697343823641,0.05136014045059499,0.02038480012176189,0.01969566707998796,0.02006271996563974,0.01935864727269313,0.022176753013978482
158,0.033099809940590155,0.038272594955808786,0.03350656735442605,0.028877458651027563,0.04557067611908362,0.03363105368192257,0.16637898230060416,0.02923020383614371,0.04698813233212665,0.028190165465930842,0.022019756161352967,0.017807916519719958,0.01885843569451641,0.02150611967325466
159,0.04165125201170278,0.02505476283117744,0.030692090442806852,0.07016828905917144,0.018737180187601347,0.055786806148171955,0.15375535075040403,0.034280189741451174,0.0526279167398256,0.019124577395768037,0.025022273036252055,0.01772068751318958,0.02335293771142782,0.021287023998620275
160,0.030849828226596033,0.02281170878320881,0.03183948039307351,0.038007342816743825,0.022648030952619726,0.029154772469392777,0.16016746513350544,0.050193539779058306,0.05030559607756592,0.025825349842208214,0.023320726936202373,0.022865246264184062,0.0232741601482284,0.018772428701260915
161,0.03534620279517377,0.03662824145538612,0.030966673633584484,0.04156560376741377,0.033616888385140486,0.0406925570199767,0.16623477272467457,0.021133354740447294,0.04265810730729963,0.019495877289720447,0.01778135629275619,0.02089383028535919,0.022532761551033766,0.01810554906679431
162,0.030399617056861648,0.018025505719860415,0.0378133238983496,0.025326067480381444,0.0219158982383534,0.036993055521346234,0.16429697483840885,0.027510700304403782,0.04542077092664184,0.022481635876229852,0.026303488859406074,0.019039113105001768,0.021167198296128797,0.01907468658303502
163,0.03137654784017427,0.01768028123507286,0.050929005050016976,0.026781393905818362,0.020089516514462315,0.06690325581065804,0.1571125613867645,0.05075567678746597,0.04642270287099881,0.025531733334856282,0.026886862666122804,0.02123955652250568,0.017089912942905947,0.018653782235625378
164,0.03788861764406721,0.020749607552623818,0.030028166218105837,0.07378814908668573,0.03350168824477086,0.0345643088515356,0.1709758568562006,0.049525056359951865,0.05645785919001421,0.024011108458647668,0.03189185008606264,0.023774478804757262,0.015331721581200644,0.019043009523034806
165,0.036341960312122785,0.019130697309129877,0.05076038262964341,0.03546575111196485,0.022087703630846788,0.057728610433346594,0.1624465138318682,0.04528267239869952,0.03807122380364571,0.022309968129846924,0.022761308333524025,0.027832008163712278,0.02147893162148896,0.014684596928111762
166,0.028812355115771227,0.01861189310848198,0.031663434023251266,0.05806139904813103,0.03074873942702876,0.058256192540946744,0.1840708811073031,0.019725286927771604,0.053435387769819376,0.03035984178373295,0.022139348616959004,0.023378963259830212,0.018438259755133957,0.015152656732801301
167,0.027987284683633543,0.01982121243370788,0.02758213550235505,0.03250530855775629,0.023531583475119012,0.03739536493231099,0.14674421615160563,0.04816361459029599,0.045685755184445884,0.01803682785582244,0.023042760357780023,0.026842644957695436,0.018152517398515353,0.021270596497830554
168,0.027339549396955005,0.019520634130447866,0.038120628276174955,0.025977542256754457,0.025952074649450225,0.030392768473159245,0.14484162540724607,0.02970853825197879,0.044085123782030285,0.026412641469919004,0.023257643810209557,0.02032909095302084,0.016229756293758713,0.014870394799859046
169,0.027025628352220624,0.034297571296388406,0.032345136902625284,0.03334658625259833,0.02333621379028525,0.029698821801551104,0.14881305551959073,0.045478956407862606,0.04973122889659181,0.0243156362888986,0.01581123737761608,0.022565202730290668,0.018717024954203774,0.017565064664359996
170,0.035497042743814884,0.018229813983128326,0.03120788433012223,0.03164920161306246,0.01813723682889509,0.031497368743692744,0.1423988441962584,0.027100302755669516,0.04511702405826112,0.023398038522623586,0.026665387162566778,0.025538065969180613,0.02045664655646748,0.019120703104733062
171,0.03051517548405538,0.03515173819904948,0.05146254915620359,0.03519658354873599,0.03343595758707918,0.03894035476222124,0.1501075683329045,0.02534355841685394,0.04871912060295331,0.02568773335573984,0.025823090261357234,0.02026659399448365,0.020200344008224277,0.022076348068009417
172,0.03228045439348491,0.021718699018085232,0.03420915092982925,0.054954236724530627,0.019940800168897703,0.06456528962905381,0.1592419175997681,0.014752102602789217,0.048416431822376364,0.025441009378123543,0.01788145301094264,0.021347420730617732,0.015630928319913025,0.019456840659855725
173,0.031915178544732074,0.02063701347026473,0.02881447798202349,0.02601838398596172,0.021911464817626423,0.03146529951710481,0.15515735925003382,0.0273934206586866,0.04907755721636958,0.023875954066004238,0.022322512540164884,0.02220675046431837,0.015351743277718698,0.01797998421015576
174,0.03713774514366427,0.02787969571966011,0.030322822621791586,0.060112280753380876,0.2533394643883615,0.030312491871647685,0.17333802159952724,0.017866970385252822,0.04695058761154703,0.023982721162655776,0.017685016480899752,0.022710791517780604,0.02043688693388901,0.014026350919750423
175,0.03242024600496244,0.02642105813656798,0.031133462390771152,0.025416413590958843,0.035738979620732095,0.05513371387909907,0.16183257575589013,0.05548214471378808,0.03908405757825912,0.016723657315662676,0.01941066126480588,0.020271969972789367,0.018962322210224487,0.019771671013455346
176,0.032830442048378254,0.019543869543895483,0.05482103683008337,0.03021086847240515,0.022518006735634047,0.026832003303967865,0.15208182160504785,0.016008038299688523,0.04169187399209946,0.02660641447608062,0.022824604182231676,0.020341891253589456,0.017911644899345967,0.019667370786003627
177,0.03367795993102639,0.023324446044919307,0.028405582077359194,0.02790140852631697,0.021671580468484365,0.029066993737786036,0.13570324899690414,0.019083123705779144,0.03974538884101773,0.02468679108922735,0.01971110202133595,0.01992298645602808,0.019809951318622964,0.01799609083135212
178,0.03628577517121493,0.01620337922728141,0.0698571671807312,0.03069159962622308,0.01957033637970525,0.026782675315823422,0.17697552282638432,0.029717755359788326,0.0469903508444818,0.02177150008920647,0.024878649178477208,0.022058621548670304,0.021287816221752385,0.01890779159261358
179,0.030093974809049448,0.02005229300331044,0.03784063847510828,0.029533477248903157,0.03566243415602513,0.0647924669393864,0.15144526168680772,0.05437447274733661,0.05126237866876398,0.023365208214639967,0.023871127981226665,0.020055195389754445,0.024223643907757417,0.0176796109037608
180,0.03453598068044062,0.01954184983424013,0.05016351950294169,0.03340065434191021,0.017239416988238013,0.05682713384052866,0.1440953161514662,0.02331419972849763,0.03988473678503029,0.026588613990025392,0.023414934354618715,0.01759659891221708,0.02197384695453542,0.016299172710917454
181,0.026406573236619546,0.01686833403556495,0.030229114403570893,0.034136463582330405,0.043850092152304704,0.03869941054705235,0.16784633414463532,0.050499794144281525,0.0518441071543874,0.02273445700968307,0.023369822754102987,0.023526974527012193,0.01920535918130717,0.015569872290404553
182,0.02750800516063066,0.01721286042861659,0.05186662948806145,0.026441656979963635,0.16285213115465516,0.02800411551168811,0.16242349939429196,0.06699912345121588,0.041079938735999584,0.02675932802949323,0.022856817318489125,0.020716630827071817,0.01664514850922617,0.016634685416290627
183,0.03818766782841969,0.03684211222473963,0.03439285471918868,0.0542733141096546,0.024524917008080113,0.02698291468235985,0.17266406681846022,0.02141843839126338,0.04305302418013951,0.02390344661497045,0.020779800498644817,0.022334328986499303,0.020221133439936895,0.019657125406565147
184,0.023791988402138017,0.01861066114056415,0.06271609949324511,0.028295924789324692,0.030803570548130595,0.05537844918278436,0.14995634235368183,0.02950981541628033,0.04617389585806115,0.024561263429315736,0.02090726345039057,0.023055144773675092,0.01808191167278856,0.016732159418435522
185,0.02867632207223105,0.02150936195628238,0.03634111572223453,0.037420724383204367,0.019607671746872998,0.04121659339170628,0.1661088434389641,0.01707884395594573,0.0647515579021629,0.02075927091434696,0.019723824871479854,0.02141891530565756,0.020899864052866653,0.01537676299202894
186,0.024279460062378317,0.020768917661737156,0.048567333562858674,0.056361800155483414,0.03306043009943988,0.03984867462833721,0.16476728748134892,0.023836163159167374,0.052906380146350365,0.022734098192351254,0.023107653869445726,0.018423863932566537,0.021434617215932632,0.02122485388916122
187,0.03209775124181476,0.023164732909643198,0.025568832130223113,0.026135943596759508,0.0457641790247661,0.030504894616681807,0.1466076260434135,0.01763067452175365,0.04818197724976819,0.02086189531737951,0.020996782018322217,0.024603008405340226,0.019501914339373292,0.019990785830575574
188,0.028040706730744918,0.027095749179152532,0.03236932603066795,0.025343961131412907,0.02383212726857175,0.028508230083918635,0.15070003295044815,0.01698127705914963,0.04605029221956043,0.022980448135775364,0.022526437715829444,0.026053805767844402,0.023296472068820046,0.01757131796478422
189,0.038579652696095444,0.04441947236696659,0.05079960363491089,0.036534440173271815,0.03591092958571499,0.03197156717359534,0.17441628365440023,0.018603309903696085,0.0486382659552953,0.02800541702864827,0.018698052307568554,0.020229112432344546,0.02475569644403802,0.02238412364496649
190,0.030196010944868113,0.019510570403277198,0.03752901106603795,0.032102480618916344,0.06770192253859066,0.036947543712679935,0.16018467028612088,0.019962116571435762,0.035920768570449874,0.0234214521080272,0.026296346936477567,0.023049657737811306,0.018904534532565388,0.015502985836254842
191,0.02592587064782388,0.01752757657933441,0.0448457006898128,0.03190862120520864,0.029817509703727475,0.03745406358223106,0.16072857899604517,0.023442885512503335,0.04613793838521154,0.023514556624941087,0.018752001092138763,0.02125527138418989,0.019536028820388324,0.018959103639418943
192,0.038024919609861894,0.042378754165307356,0.03197801890296744,0.031051424071781304,0.03612644162979648,0.032844847623963114,0.1470501378746853,0.05413700206667175,0.052842133884439604,0.023829046363967057,0.022668104985698247,0.02127366672580086,0.021476018702809147,0.014997553278894751
193,0.029556665268406366,0.04271897161421033,0.03124318908295488,0.06748309775590886,0.018927637375734198,0.028720384357444614,0.1658098705932674,0.025534120937775358,0.043136597351126675,0.020217669120074534,0.022439989074201167,0.02133414988264789,0.016845334954234903,0.016583920929847038
194,0.029068669523969783,0.019767905915855182,0.033264092708794865,0.02724482327532792,0.02875709362796449,0.033741147433694156,0.16288182956575886,0.05282845245688235,0.04253899794701696,0.022649887196410607,0.023484698660879346,0.021522758457689976,0.021287432506089065,0.014200283821382477
195,0.031508111583845665,0.03401969309566304,0.030083012606079696,0.07645870797023194,0.03873052535837751,0.031512419497647305,0.15704733464058732,0.054147835863443794,0.05040681573027003,0.01970849225071519,0.015152366774899331,0.024896721570788538,0.023389643256510457,0.01783153444155603
196,0.028334868575734622,0.020135933102344992,0.053009907007819476,0.03581694173289992,0.019478203723206,0.03530466602307904,0.16312482415227653,0.021537820271608846,0.04455691175037134,0.025618825247710024,0.027565160396958773,0.018773640299574484,0.028158670934071914,0.020201151469883275
197,0.04136626753755949,0.017654820726622663,0.06163365378855715,0.028934240258372435,0.03220248608179199,0.03418362365561614,0.16339106052269511,0.019642279412189035,0.05630151592240344,0.021603295021574213,0.022462668756931755,0.026917057951297476,0.021885433806982418,0.016639871074937675
198,0.02817518563793805,0.02548375470263487,0.06322156433282439,0.027969436690422324,0.01912147202610472,0.040385196857328554,0.1595845170907991,0.04633802619185275,0.04827513508946704,0.02019336238211488,0.021062396675647577,0.021361254601915382,0.018721595189395472,0.019732842587887794
199,0.025729341489410234,0.020844909694227618,0.05316035721925286,0.03961869324566841,0.1917794191871096,0.07129990875650424,0.1650683140725919,0.022395038664747752,0.046650062597798726,0.02313404523148444,0.02454601294392346,0.021848820257215622,0.017867830205103193,0.014755076507805952
200,0.030949877875704645,0.01840766437804087,0.03523708542562552,0.03767798495667575,0.02237291866285124,0.03440406855449596,0.15203633189209104,0.020750744956347753,0.049843782777837665,0.023354235961317135,0.019267394953446707,0.027839320805955418,0.019264292952428718,0.014976062932998052
201,0.02957219005818282,0.019857704800614,0.029449281653834203,0.02937845175661087,0.04373911959609317,0.03154989544343339,0.1568882531992407,0.04528140922321699,0.041971674628253755,0.02588179335111327,0.022508407314186994,0.021757681182869915,0.020356698719303536,0.02328549032344657
202,0.02876486678515436,0.019320713256494225,0.06413314503137003,0.029790562988634136,0.018481924112270003,0.02907711822251665,0.14626223244954917,0.020576441112101537,0.0681450216463618,0.025509886390072026,0.01872052053798647,0.02581510078874234,0.016542658606668835,0.019212553268479995
203,0.03309438088441776,0.02180084578892598,0.03855823735477896,0.033129452616898036,0.6107729554366853,0.03290578325567506,0.15088737160544352,0.0165354037373888,0.04807398918805638,0.02527508715046319,0.02478639714729597,0.020515857213901093,0.01654126377382138,0.020927571849006246
204,0.02890753399112014,0.04553855359586715,0.0359569496756275,0.03253678945437857,0.021581617408765696,0.05122983495082591,0.15288781244249847,0.01892626342497434,0.05002914934691804,0.018588604267382795,0.019668466675958354,0.023845948909355257,0.018885227407012466,0.015883422459295415
205,0.029563785164981756,0.01922727477296458,0.024845874209788323,0.067485541546264,0.05678444809152695,0.07210913667420786,0.17058530350037326,0.019407578949253247,0.04047679733661303,0.022840281994898008,0.0243431274403669,0.023713029722227885,0.021018949122362903,0.015788540731051414
206,0.028370760994574654,0.03496231811272185,0.05387132075521165,0.03671149528668302,0.03469519355424582,0.062177178635772136,0.1399130604688327,0.026044354257113326,0.04488496803529963,0.0236536039735363,0.021250776853869256,0.019787614833114083,0.01596616308848408,0.018401938632384103
207,0.024263874956609692,0.01941613149832237,0.025282426228342158,0.02815458101464617,0.019213741509520463,0.05248589527936737,0.14986928922472545,0.05516185626339675,0.0376882656346771,0.023718865855736664,0.023091735656233355,0.023338840763716555,0.01842042487390286,0.01627480459549034
208,0.03347163958259638,0.03390383293215109,0.025488159414971265,0.02869300678929711,0.03570971007016483,0.03339280260057975,0.1749816043237754,0.04284930030991357,0.04821792742557183,0.020397661881663247,0.025485483354270713,0.01939366079637494,0.016571897097300104,0.01646771294676394
209,0.03320670753734593,0.03778098816770255,0.03246317359650884,0.03201391285710447,0.02073793234223401,0.05431248874864209,0.15325474160989844,0.04876055624310754,0.055067154902122925,0.03077966260785374,0.027389386766555602,0.016202856236873828,0.021911399114061897,0.018924335270678584
210,0.02737857760908651,0.03460095282056782,0.034391089450183765,0.06776612071935068,0.03577479506928585,0.03187821588130049,0.1486246632609379,0.030572879481552573,0.04700468982099145,0.02292911291990123,0.026673176975504698,0.016502461605375007,0.021564037257984565,0.021083636404240817
211,0.02949123491538374,0.0378683724228461,0.027442955307001676,0.060564559081486134,0.018896125181813744,0.034569366709331674,0.16906822818203454,0.01866449426439066,0.04296940406942719,0.02039853651490976,0.027763775567300107,0.023863272491187235,0.017516117875819373,0.017731137216927765
212,0.029515941349754764,0.024727999634365266,0.061838567914185814,0.026595605624563066,36.24395312581463,0.031185792405659347,0.1812739943185353,0.01885680210025818,0.05283507008376084,0.022874943328954078,0.02511165423939995,0.01986446686367959,0.021050243477375764,0.018043548957120136
213,0.03602235272871959,0.02177754695112599,0.024285598469472203,0.031708239078246325,0.03290596780975795,0.06680973150428225,0.15884871672692757,0.024104543401066467,0.04577882874978512,0.02125770672185489,0.02215249216747649,0.023497858270973403,0.015890067037689515,0.017587757745738838
214,0.02847677529454167,0.026426544028081502,0.06578034348209828,0.061610094482525,0.05409871163847136,0.026634006588465445,0.1456781478894051,0.043201878380105786,0.05001311642927078,0.022931958323337744,0.02486722511186494,0.02544042061641238,0.020280881843226017,0.018595590092376386
215,0.03313231892061271,0.03559030680834862,0.03418051482289381,0.04343333194208557,0.017697747032609092,0.028565790759400928,0.14402908641168868,0.04189100574585507,0.0446183574975824,0.025463366451730675,0.02298017737592698,0.02041093077920263,0.021910188946564678,0.018264841499815967
216,0.03249681755211299,0.024146211291807718,0.054342775828348955,0.06227338380712938,0.03669991637111122,0.03505240804407671,0.17729358974950585,0.022382890207484032,0.05010454064805374,0.02482915061416075,0.027668651464896922,0.018504361823657535,0.02245905328233163,0.020251689983418433
217,0.033038770477894275,0.026676744109241778,0.02406448845652188,0.02500027873938604,0.050538890777444195,0.03491753428424145,0.1513229127332528,0.02078626038045365,0.04433928828932178,0.024056593309660833,0.023314707345122303,0.020919090560670837,0.02039664615354691,0.016240182827142107
218,0.032708704761370735,0.020256844044300722,0.03231895731177902,0.06025902872518207,4.702339999115242,0.02984990884407086,0.14823097718771028,0.03157397794350507,0.042457194765049486,0.025413780501079432,0.015953069318036903,0.021860904697837767,0.025517534570677854,0.02020778291081447
219,0.02955740048969989,0.046220267442373175,0.028023699619733358,0.03463841308119649,0.022007430216455733,0.058776581846955105,0.16362196847704039,0.017402982078489067,0.05101751059177444,0.02238151794718351,0.02053101034811026,0.01777652720135468,0.02239499661491617,0.01666937514753209
220,0.029246822019322685,0.03267532922370573,0.027460443554264833,0.06405580975156884,0.04443015071921796,0.052922656905753596,0.16003276075704417,0.01784618712831292,0.04629463058671073,0.029489146395948792,0.029988891724681943,0.019522967652983787,0.015469811789840894,0.020795741789505048
221,0.03024303560013272,0.018802814657047345,0.04828154785534698,0.03267765392353967,0.0836818715710865,0.03377622625026661,0.17349547653326897,0.025050471256626634,0.048011032717823074,0.02258593771864584,0.021625463527590944,0.022474856779454537,0.015202878245671847,0.018560786550482128
222,0.027175876725298625,0.01721661517385456,0.026741225709739535,0.06334928838010044,0.03462876702720744,0.06002477330062942,0.16205010275134007,0.025788182672911598,0.0451576310897345,0.02592697194846042,0.025219486070609497,0.018110704738610546,0.021342798546627746,0.020441604777783666
223,0.03282468821932421,0.02161621977459627,0.03143244469933516,0.04025013572142267,0.026651484242474814,0.029831518204838623,0.15764919942884084,0.049079128029466165,0.04635663416992241,0.022151978238329775,0.021263342887400404,0.023119443410446264,0.022247988085877322,0.019500520262729224
224,0.028827728892952223,0.03817404382024764,0.06368743265913572,0.038834338057156775,0.02799237572666961,0.030347476484989894,0.16350393576846853,0.014304463914923597,0.03956122485864871,0.02122994412984254,0.01963604260117285,0.021268941564437087,0.018860322517796606,0.01828179832337484
225,0.029067695299770324,0.02446565213506334,0.03512235715391183,0.031181078623786582,0.023974281698228652,0.03253825981634161,0.17956906031295597,0.041967092468268824,0.061958644355269744,0.021105288256186884,0.022875401001148717,0.02094904675809991,0.022670638051545525,0.02524974500926705
226,0.02839924880073501,0.01776668732143984,0.030639470519023652,0.027458716295845325,0.01948555746240298,0.031711746834755264,0.18065083544371702,0.03990855271833341,0.04993800850915563,0.021657236530736805,0.02091015681252417,0.02055695720241947,0.019566349011217492,0.015721466422156556
227,0.025709550688033225,0.019606362077402295,0.053454414725196644,0.02484197097254927,0.0215555059426088,0.03394731145434565,0.18301146243737887,0.03269400669778791,0.04446510084756585,0.02468924028723258,0.0213065083385861,0.022766572408291923,0.01922126646590545,0.019263046747703908
228,0.03162426290985303,0.03455081641845957,0.03527008622170398,0.027924027351251567,0.02478785871707474,0.04370061689287576,0.14898157353905211,0.021561608735442727,0.0450011252743224,0.02434549144270008,0.021259931967513183,0.01942822579891143,0.015316852355311704,0.02008314892919214
229,0.03320693211004367,0.04513779613663143,0.052078628985736945,0.030501671231524693,0.02053628285600406,0.02617079967871187,0.1579875650395951,0.025860203654796025,0.04263593671158079,0.02271671676967209,0.02372991549035132,0.0232899694616541,0.016588053724917694,0.016912200178452113
230,0.03401848689326302,0.024286132970605768,0.033182532346952315,0.041580034122425114,0.03741969088159551,0.029316375539510445,0.1654233100604228,0.020237107164361556,0.054961156238993454,0.020220270252037844,0.027657840333664585,0.018051531999623064,0.017656025547162738,0.015860307205770616
231,0.03567195084011771,0.02084557189592913,0.028004321165982966,0.04118947057679775,0.04010868032454145,0.055558335978163634,0.1777954636420718,0.050614018056710904,0.04458876656496469,0.023208194231147443,0.029224271219813063,0.022320467054561508,0.019255980778952377,0.015060044613280827
232,0.027699376758044188,0.04440681377479223,0.031860366656665216,0.030006083994567424,0.03463657381239297,0.03165372316037448,0.16332141260064503,0.02479210021932552,0.04775653789656486,0.02431739249097679,0.021688507973653248,0.021111852597437954,0.017324460097604053,0.018492040008688444
233,0.031447535016253955,0.02756855384514683,0.02959280207451683,0.02610629084531983,0.017572609665633267,0.03608645456422018,0.15260499089352492,0.040344515482759316,0.04845739048388384,0.026787276584194615,0.024478730448508484,0.02479257718701918,0.021546072039329324,0.02126181533185521
234,0.025299040076798784,0.02062792337988352,0.026613956413455247,0.024444308122630955,0.01737127466965161,0.03719327605405741,0.15063069125681705,0.01872034396561846,0.05179504444240535,0.02318931364660599,0.01632485020823713,0.01984361826689776,0.020136491215725475,0.0173755032405749
235,0.03350092135441401,0.017532594204023543,0.03097320275425634,0.03833412615759847,0.021217190522757372,0.03706164736186222,0.1839960384309475,0.029859836117178434,0.05716613324273108,0.026307327987077786,0.01925406316013309,0.020854493778299756,0.02236464937519754,0.02013614534858928
236,0.03341550443994459,0.018132488664785743,0.05568562499209441,0.040128035536770114,0.04314007709971187,0.05314711106522423,0.15399983275902512,0.057170576062374405,0.04194268170895655,0.02452434705032582,0.023811372187982252,0.022995254027059094,0.017804366939123947,0.02047610276061301
237,0.03176384378642453,0.016896192007532097,0.03185435597991946,0.02933144547950062,0.043131437189313754,0.05339180620471207,0.15196334955387186,0.018797734934901368,0.04925840204577735,0.021581602863401852,0.018319652395609516,0.026202208142594215,0.01651795417356725,0.019877833078378693
238,0.03364206898550002,0.01863899433097829,0.04886087722802524,0.03045185516760715,0.019565394771029695,0.05629675601817523,0.15163638188982015,0.020597799115422505,0.055888883686746195,0.019884997967894728,0.023019741410603187,0.01984348505885017,0.023891610894564912,0.019052629941010753
239,0.0320913302303517,0.02056595091518631,0.025364137488651826,0.04241289173347135,0.019302995228833067,0.03396388566671941,0.17703630324985478,0.0229124124540137,0.044606651222010026,0.022269687146328723,0.022610592851449948,0.02184156430743882,0.017255316650768817,0.021047897271386406
240,0.03516847174482967,0.01817807510589694,0.027632785126062286,0.03345409387645887,0.020525512728498587,0.028767123356892046,0.15003936064155246,0.025437729771912738,0.04813579970647953,0.020874275712843945,0.02708084518301418,0.025979230790869796,0.01976716724660387,0.017362458987825884
241,0.03225962102722731,0.02631141394230034,0.02766941567167262,0.05056977469241149,0.040193640591984305,0.03398180316258652,0.17623148349077875,0.03395285036140473,0.049618907922235306,0.022010111237818025,0.028096750477501778,0.0206030765144776,0.01772911202700245,0.018923096145206663
242,0.02779878341354602,0.0216789183765983,0.05977552339012987,0.02849196325498061,0.019086720917514056,0.031467037903455106,0.1501810658039429,0.016135929211145456,0.04262736072245992,0.02518198465709508,0.021837842191850355,0.020433275379801566,0.019978154744543244,0.020728890759987954
243,0.033334718910741426,0.025281431397668253,0.026761397872155455,0.055369911684006984,0.0304133236072509,0.025914826662061678,0.16597511787081373,0.03387674319817077,0.053695594161693165,0.02491628334755399,0.019474565071584033,0.023772147494318274,0.016749354103928096,0.020764570784993514
244,0.028936414825587082,0.03469869574947046,0.023791986688336812,0.05551900155598973,0.02157030720621069,0.040085754522791485,0.18073418354202048,0.022811113459392605,0.04144206527576201,0.02274202856451965,0.028638471148528796,0.02270481772447927,0.024971346453673913,0.01678086636882584
245,0.032161796347122414,0.032472941030256754,0.02550731388593725,0.020236778982300304,0.041776231210347424,0.06254757340637937,0.16193079198661312,0.022903897084205354,0.04927726080213108,0.022444155673857578,0.021389636013629403,0.0249607908732864,0.017493511900456258,0.017357343458668687
246,0.025173404996707126,0.017260353792016167,0.06584091880275288,0.0354111177677045,0.04223589227173605,0.0337521005505331,0.16656987038251786,0.020096312901420655,0.05215069124688713,0.020340930796549812,0.025127032015355773,0.017385168772310004,0.0182165904638676,0.015968098154683735
247,0.03190179530910672,0.04942501824062728,0.04637187043890305,0.03229801918323832,0.02097464698120393,0.030962427409937234,0.15924164270177626,0.028852968897930313,0.04888757140818116,0.027529464536483472,0.020073696592315372,0.018057086059126842,0.02253609453684702,0.019073752880523036
248,0.04173597778326567,0.021196601974058985,0.03148899161350065,0.03330074317367431,0.027779572927793775,0.03468652973276017,0.16129156325781546,0.021154371741716586,0.043657950122458766,0.020733017672494518,0.022823294275195073,0.022248672094949285,0.016353850457283867,0.020521189753777366
249,0.03510429292918344,0.01590017496445752,0.030984007698188272,0.05723887520463162,0.01821509795396698,0.06714456379200306,0.1734048648159899,0.05703519505262336,0.05725343169160143,0.02084387940282902,0.018401871312269,0.024032713042485252,0.01898696013585694,0.01718458737515987
250,0.03750589579361893,0.04558114145930315,0.030324908071149955,0.07361415988791671,0.022144228960351776,0.06252145335689356,0.15221214472624792,0.026479464097722873,0.041857479043217544,0.021356850848386556,0.027020011133194324,0.03057316937962795,0.018210898795966417,0.027676383639744714
251,0.0349654620179702,0.04677791357318825,0.030520451912892627,0.04364739894384621,0.03755924955414894,0.03182958919660845,0.15570853221280082,0.046021052895922225,0.050095912840274814,0.02098615431787601,0.018073973327376116,0.02153575778857866,0.01973689434723197,0.015706705159474595
252,0.031133829782956014,0.016501354922496707,0.025350977449275624,0.05791507551524549,0.03079853945316821,0.06541088422397276,0.14903358684837295,0.052829282943867524,0.05108626863261381,0.026221972049917688,0.022478315331822447,0.02135618025282812,0.012143805737105917,0.013659198945878864
253,0.03247803861540322,0.04331812665542776,0.030409197599811148,0.02992646396280042,0.04638016871821886,0.03448971359537051,0.14656880454785762,0.01680259455443816,0.04162759818950174,0.023413270233919883,0.023896425925289524,0.019805840404566337,0.020184721847701727,0.01770942238992927
254,0.03547296276242697,0.0214321070353268,0.03140135222332576,0.06513263586009821,0.30693253476793897,0.05736846812129542,0.13723977809825358,0.0397585620451184,0.03676238685126455,0.019666450126392915,0.01951367204704095,0.02590207902909759,0.02266169683520647,0.025357756835473522
255,0.025276955721826363,0.0440153064113541,0.0279622729614412,0.03862436092834119,0.038336354899565286,0.03199696237821154,0.15719119047764954,0.041288249713298475,0.053089036338408224,0.030746779691096807,0.019964994854604984,0.01860394834402954,0.015700811280505128,0.02126731131511651
256,0.029728772504174057,0.01893529444542028,0.02487023266961639,0.02787564182373909,0.02179955001740112,0.02675902889242329,0.16931591292241663,0.018404205516613068,0.04164222322510886,0.02325675365350417,0.02380754109390309,0.02568491134540434,0.017600691992400302,0.01815953662747173
257,0.025582059765809115,0.020943801534138926,0.026571070086020047,0.035865866397490044,0.01992139382065566,0.03546042846725421,0.1492066587933675,0.04838534867255325,0.040431790117048345,0.0230087623665601,0.024573398178984927,0.01880438935058027,0.02025632825188715,0.017709510213726
258,0.03136528019795309,0.03316378757002394,0.056305868434330233,0.035109899571541835,0.04330003335680412,0.05970784491490377,0.15161221969426875,0.025868616930440343,0.04461686264228451,0.02108787138861,0.025153616003709953,0.01940179862456665,0.018387534971959885,0.01944489586136209
259,0.03083667102727044,0.01954128125233121,0.06433432950402132,0.03480535187247234,0.042981074166707565,0.036240399822988274,0.14927641012609685,0.021423290937236678,0.04954500543365295,0.026043240908831904,0.02188132919064644,0.022227709639879575,0.018375162361733765,0.018365169968573576
260,0.03398745134850566,0.03472567079162578,0.032724122452247414,0.026801300552540475,0.04433219824480684,0.034255285600452434,0.17581764780391157,0.03244955810971023,0.045367658036249696,0.022844898752327657,0.02338126352692406,0.01968357602103307,0.018477661922329393,0.018604091549936693
261,0.029105959111436874,0.03484237009308457,0.06655111669395646,0.04201844858487667,0.016854558293315378,0.0596515946695837,0.17950715159827968,0.03972739407844571,0.04186905528531713,0.029028215518621406,0.025243951669392188,0.01633246234201073,0.021400286324659828,0.013937837680260742
262,0.03144218607916011,0.021076341220219442,0.06611141198768716,0.05108883638080717,0.020770677284919888,0.03105347735919138,0.15984746288407556,0.0349178533399585,0.05729341448263904,0.024756308802800445,0.022661128868685546,0.019263157182141524,0.01856526477320129,0.014974003926930069
263,0.03527223753069362,0.03238660209291547,0.030064695909499995,0.05768537421400907,0.0234725186320393,0.03351489148586727,0.14983385101935276,0.04670588001358001,0.05028828133796287,0.021396476091038813,0.023498369316857122,0.021180308842691734,0.01663383543929388,0.01777321610405659
264,0.028443180995359408,0.021181580748366853,0.06172353313000024,0.036038698690136796,0.05049520634209935,0.05195843075344284,0.16748178835970548,0.05612520503079466,0.04520987846623963,0.021643219840672936,0.02693326869302057,0.019580749151696983,0.017006285114097013,0.01911562283425589
265,0.030625375135709114,0.04273601587955248,0.04776190199128393,0.06457115036973385,0.049278282491292145,0.0341398613037853,0.16084115233468063,0.04401785369856176,0.05136633712701683,0.027235301516250282,0.021820570058179157,0.021288310329071292,0.015484137590333421,0.01991549296125807
266,0.030733598702767827,0.021938269314211507,0.030723221588357646,0.05490488916360193,0.03272351047034323,0.040354390894217454,0.16454141679845963,0.043740335537412856,0.051340582807668685,0.022868459045588724,0.02131176912119237,0.019994353513318706,0.021049174509915728,0.019369461277543677
267,0.035871634895020495,0.020918483628935093,0.031205659703195276,0.0291752552747148,0.04763873317225656,0.03241081274988035,0.1533759135920603,0.042641239379299124,0.04277047275173588,0.02388186472337617,0.02623689264933357,0.020902821931638182,0.015937893846121105,0.019526860684436775
268,0.03499352351598491,0.016775391757467995,0.03446414742932848,0.04129215220270597,0.0173441119342108,0.057366820670548886,0.13702323809872036,0.055980779182886936,0.03884220057997041,0.02388011537434478,0.020820202998981994,0.020441108111126597,0.013408209198668029,0.01969633372451376
269,0.025918870762735805,0.01829872714934947,0.02994923457233558,0.03112624304437179,0.043872528591205814,0.03970979010198711,0.1463161526445169,0.022430352360095687,0.0401877626300569,0.021558802881054818,0.023035868133419495,0.02310183636909832,0.02169981226934696,0.0196779081570996
270,0.028575313457222556,0.020541867928808633,0.05704488429420359,0.02954234335505868,0.14074269153191413,0.02952994025990563,0.16817355150150592,0.025080858759600064,0.040180542554862544,0.021376585543142194,0.027178785311749557,0.020200475380661387,0.023815084848602775,0.020050164370398593
271,0.031306334557669804,0.021866755131606724,0.033925213236421496,0.02898654788841745,0.021322634836159846,0.031852023031667946,0.1587838701839984,0.05256172594668207,0.05872313688195716,0.027031665397431195,0.02114020632612765,0.0228530818180167,0.01785341415344471,0.014738021562232318
272,0.036597588676154404,0.022927590020173968,0.056527144707510996,0.05541157841326662,0.01784771641065524,0.030130999000966028,0.16275490159294762,0.05064541198563218,0.04065872223716879,0.026907181582475754,0.022389664121543706,0.019996321385993332,0.01687317646513312,0.01820828339429593
273,0.023743955872753353,0.018199804045152722,0.03024482845645852,0.06700446147133708,0.04174932056805357,0.04117830322792228,0.18390328022451227,0.02821641873338392,0.049540677703112025,0.023009657679195772,0.017315788448242154,0.02442630330538428,0.018385843976757594,0.015404338831808449
274,0.03731518781457725,0.016276457201432712,0.05325691351359066,0.05394288410562754,0.03214388263315696,0.03616079901741684,0.15805677752968314,0.028226321125586012,0.04815417200759171,0.0232845342095531,0.018942277500210266,0.01800699686515064,0.022341709898386772,0.022077605951912792
275,0.032874846622916565,0.03577061877095501,0.028921653630749587,0.03583086523610143,0.022600480372405828,0.03429909836877767,0.16116725970479248,0.053096659900209835,0.05486963103066075,0.023813946978689958,0.027471635497759852,0.01749379629270125,0.01630586689496678,0.015708232601519042
276,0.028902725862818848,0.03518445091516238,0.06247621303591882,0.043084035151548065,0.03197828630042604,0.06482273274163398,0.15959481772129913,0.018094764455475847,0.0441310570681005,0.024979924318187744,0.02598758558045514,0.026799125288584746,0.019969611939629386,0.01882080989839467
277,0.027612031341786508,0.01534049626800447,0.031036281292752748,0.0279594407112434,0.035234652143944806,0.0734708859131951,0.15611978796659381,0.01949007663651265,0.043962334263485,0.0241209557614158,0.02762816819426417,0.02874397970357264,0.02678674524774312,0.019247305069923545
278,0.03229668263650853,0.0223330111660366,0.028501342315698296,0.03206925038878012,0.02442040551687754,0.03959146253537724,0.1880597200079237,0.038365660958162545,0.0465697859127509,0.020542997166837215,0.02701875614987178,0.0220904368459047,0.022574972238265517,0.02027864508517843
279,0.03253479130058933,0.03261332285411773,0.035301170723592075,0.05752354259811116,0.021893963665379657,0.027405561601552702,0.14699943148583802,0.022855446806306842,0.04540930337461929,0.02366294805642772,0.02183016116058204,0.02902021668979739,0.019246162975722715,0.018395585483287038
280,0.02708964876796511,0.043510339160679305,0.029764135132988374,0.026583404541490954,0.08403432330363061,0.06638985896088306,0.15583038374451785,0.027205304172646213,0.04528137476525095,0.02442662952553632,0.020903442684342195,0.024653305431383887,0.018212241915646566,0.018913740893589208
281,0.03756143170085726,0.03154486522314125,0.03479472226674632,0.053550160393634534,0.02370445633321452,0.03192512672032241,0.14871299632715493,0.01993982963559882,0.04307041221356467,0.019745389033559074,0.02099075435038333,0.02146289007639484,0.02146116040794078,0.025750413757954695
282,0.03109129261418421,0.016059872667689074,0.021449662715444132,0.07731544943249902,0.027696266595779104,0.02969436877562385,0.16564625358747787,0.017913306831395696,0.05408866216252409,0.021617728341387008,0.022789793054295012,0.025705605122747444,0.023584386232537755,0.01758230295442122
283,0.03351387349697331,0.019190829007265077,0.063667133708945,0.032195231469338594,0.045683323218167066,0.02595405242193459,0.14565591066093864,0.01728613880182666,0.04897590248209474,0.02240825974069132,0.018641623375664974,0.02455121211297891,0.01769146995919508,0.01799746286701557
284,0.03024152978299076,0.01996737849923097,0.0282725961340807,0.027652482630173805,0.034363873316067516,0.05608555902949031,0.1564101890559618,0.018365135273829596,0.041813999093619346,0.023367120062844665,0.021244069527382045,0.02251784140517257,0.017691515710833813,0.019791139421297857
285,0.030160253472167296,0.01778987334163103,0.052847639934340426,0.06124632186167549,0.030019660022348568,0.05952871335240562,0.1577002249441606,0.04435276215799915,0.04874357615992313,0.02393744865139959,0.018155349358478994,0.02009914603473994,0.027879381349302818,0.017677238989016117
286,0.03401453157943501,0.021040957775100327,0.028411208439694875,0.02915213517413519,0.06837283790732149,0.032284058678661604,0.16189414655640544,0.032069849860084626,0.046217159358295345,0.02408944957408603,0.023066149825443076,0.026788227384964475,0.018978609865358237,0.01938565294992314
287,0.029780230741637846,0.018684702061124957,0.02850039011599704,0.027836430915996507,0.023517726383400436,0.07012232514292402,0.1763178772446341,0.035584962857981656,0.03968734655540985,0.023709223226076548,0.03194785135035641,0.030061231462485342,0.025175823838979462,0.018996160209736355
288,0.031822340261945754,0.02326404511552286,0.051039522104452784,0.022854079455217856,0.019778954170846443,0.02521361401443973,0.15532694761026597,0.03379706234493094,0.053049209792789154,0.02422954075299345,0.023629175613250297,0.02042877484769992,0.019721998217768287,0.018617028050670066
289,0.03395982264946297,0.016940906581265895,0.06728654414977699,0.055845579008264784,0.052595291282089146,0.05753635105775837,0.16579817183945722,0.026054682322581162,0.04900279742486264,0.02654389943463482,0.015526713837135147,0.02078943138112887,0.015621558048357612,0.019076231205761254
290,0.029220416757186667,0.035926215422101906,0.02891985660043447,0.026384943708500887,0.03187012837202377,0.07024434396781085,0.17733447943507777,0.015509711658816852,0.050679724418724,0.020640950216851774,0.023687756432626966,0.019861544883185325,0.022836800675614437,0.020840587418599774
291,0.02999505499655401,0.02373245102804952,0.05329913799211773,0.030244813028172737,0.018554871186272442,0.03658379660185831,0.16054384901873955,0.039409874695857806,0.04363645399799113,0.026266477671079303,0.0227961441586571,0.022162907030218795,0.019283987662495353,0.015148433916693703
292,0.034357316717447496,0.024282719972594652,0.03271381646301383,0.04125059261919062,0.02056024329971623,0.035269082054628476,0.16624346312079813,0.017495998697867075,0.046924751554312645,0.0301427172868138,0.024277603624811222,0.020318581274575868,0.01928882629396714,0.018365807845832357
293,0.030661728773116168,0.037162457143344936,0.028972857203863292,0.07014748412586537,0.03760725289675875,0.03448473208777795,0.16575296363700548,0.03650222604354672,0.05325930926542263,0.02702062623563709,0.023520168718781733,0.02135818550310167,0.01697768129684143,0.02299057961103009
294,0.03390898978421163,0.022900383863087726,0.03037532467148842,0.03459262487582345,0.02977396856171481,0.05849363347478987,0.1679549600031742,0.02356668557316666,0.0496238138526419,0.02238023774521294,0.021027657812541747,0.02473205141446066,0.014557578547366485,0.01585147090895426
295,0.030850314637788284,0.024572997004323423,0.02608657988940796,0.0570246218971007,0.041703439618189043,0.03777238747811481,0.15667448710425927,0.025139436280515307,0.056787917014111566,0.02886217259587827,0.02373528565104635,0.024020574034120903,0.016287296154589816,0.01778714689230099
296,0.03207734789158087,0.020193115406857542,0.051769074237342345,0.07229901620118181,0.019765888691336685,0.06845800944578925,0.17550183250497636,0.022759476404719817,0.04460303987117745,0.027512575098648236,0.019931489314892168,0.021695033202850926,0.023212604499157158,0.021128212209884027
297,0.038215136317576476,0.016299229384413094,0.026787361658803816,0.029653447960218488,0.021174453144799977,0.032365055874228464,0.17362023230952045,0.016786183116289502,0.038920568714124325,0.02448364661417746,0.019711395428642125,0.021512231260323134,0.02424036135468052,0.018275773122951363
298,0.02977722042892966,0.03974940079983837,0.045220028553491325,0.0287123232694265,0.02032776014957527,0.05659035614205447,0.1478530640549018,0.0793768885290778,0.048294067400317935,0.020877320256814554,0.02189648523505051,0.022913410955509233,0.01668142557141758,0.016355458546211683
299,0.026336427849792902,0.02551474984339636,0.053736885438541646,0.02729692130353783,0.023490697089397425,0.06104716354348979,0.15687542057727158,0.02002583677871121,0.04389773590236721,0.020615253798648217,0.02175540328746789,0.018643110203517714,0.025172567976987588,0.022855193820566503
